created_at,entry_id,field1,field2,latitude,longitude,elevation,status
2026-09-02T08:52:20+00:00,1,25.9,45.0,,,,
2026-09-02T08:52:44+00:00,2,25.9,45.0,,,,
2026-09-02T08:53:11+00:00,3,25.9,46.0,,,,
2026-09-02T08:53:34+00:00,4,25.9,46.0,,,,
2026-09-02T08:53:59+00:00,5,25.9,46.0,,,,
2026-09-02T08:54:20+00:00,6,25.9,46.0,,,,
2026-09-02T08:55:18+00:00,7,25.8,56.0,,,,
2026-09-02T09:08:58+00:00,8,25.9,45.0,,,,
2026-09-02T09:09:25+00:00,9,25.8,45.0,,,,
2026-09-02T09:09:46+00:00,10,25.8,45.0,,,,
2026-09-02T09:10:32+00:00,11,25.8,45.0,,,,
2026-09-02T09:10:55+00:00,12,29.8,73.0,,,,
2026-09-02T09:11:18+00:00,13,28.8,53.0,,,,
2026-09-02T09:11:45+00:00,14,28.8,56.0,,,,
2026-09-02T09:12:08+00:00,15,28.8,56.0,,,,
2026-09-02T09:12:54+00:00,16,27.3,47.0,,,,
2026-09-02T09:13:18+00:00,17,27.1,47.0,,,,
2026-09-02T09:13:39+00:00,18,26.8,47.0,,,,
2026-09-02T09:14:02+00:00,19,26.6,47.0,,,,
2026-09-02T09:14:23+00:00,20,26.4,44.0,,,,
2026-09-02T09:14:46+00:00,21,26.3,44.0,,,,
2026-09-02T09:15:07+00:00,22,26.3,45.0,,,,
2026-09-02T09:15:28+00:00,23,26.3,45.0,,,,
2026-09-02T09:15:48+00:00,24,26.3,45.0,,,,
2026-09-02T09:16:09+00:00,25,26.4,45.0,,,,
2026-09-02T09:16:58+00:00,26,26.6,45.0,,,,
2026-09-02T09:17:18+00:00,27,26.7,44.0,,,,
2026-09-02T09:18:07+00:00,28,26.7,43.0,,,,
2026-09-02T09:18:28+00:00,29,26.7,44.0,,,,
2026-09-02T09:18:48+00:00,30,26.7,44.0,,,,
2026-09-02T09:19:15+00:00,31,26.7,43.0,,,,
2026-09-02T09:19:35+00:00,32,26.7,43.0,,,,
2026-09-02T09:19:59+00:00,33,26.7,43.0,,,,
2026-09-02T09:20:19+00:00,34,26.6,43.0,,,,
2026-09-02T09:20:43+00:00,35,26.6,43.0,,,,
2026-09-02T09:21:04+00:00,36,26.6,44.0,,,,
2026-09-02T09:21:52+00:00,37,26.5,44.0,,,,
2026-09-02T09:22:41+00:00,38,26.4,44.0,,,,
2026-09-02T09:23:02+00:00,39,26.4,44.0,,,,
2026-09-02T09:46:17+00:00,40,27.0,45.0,,,,
2026-09-02T09:46:38+00:00,41,27.1,45.0,,,,
2026-09-02T09:47:05+00:00,42,27.2,45.0,,,,
2026-09-02T09:47:25+00:00,43,27.2,45.0,,,,
2026-09-02T09:47:46+00:00,44,27.3,45.0,,,,
2026-09-02T09:48:07+00:00,45,27.3,45.0,,,,
2026-09-02T09:48:31+00:00,46,27.3,45.0,,,,
2026-09-02T09:48:52+00:00,47,27.3,45.0,,,,
2026-09-02T09:49:21+00:00,48,27.3,46.0,,,,
2026-09-02T09:49:45+00:00,49,27.3,46.0,,,,
2026-09-02T09:50:31+00:00,50,27.3,46.0,,,,
2026-09-02T09:50:52+00:00,51,27.3,45.0,,,,
2026-09-02T09:51:18+00:00,52,27.2,45.0,,,,
2026-09-02T09:51:45+00:00,53,27.2,46.0,,,,
2026-09-02T09:52:09+00:00,54,27.2,46.0,,,,
2026-09-02T09:52:32+00:00,55,27.1,46.0,,,,
2026-09-02T09:53:21+00:00,56,27.2,46.0,,,,
2026-09-02T09:54:10+00:00,57,27.4,46.0,,,,
2026-09-02T09:54:34+00:00,58,27.4,45.0,,,,
2026-09-02T09:54:55+00:00,59,27.4,45.0,,,,
2026-09-02T09:55:18+00:00,60,27.5,45.0,,,,
2026-09-02T09:56:13+00:00,61,27.5,45.0,,,,
2026-09-02T09:56:34+00:00,62,27.5,45.0,,,,
2026-09-02T09:56:58+00:00,63,27.6,45.0,,,,
2026-09-02T09:57:21+00:00,64,27.6,45.0,,,,
2026-09-02T09:57:45+00:00,65,27.6,45.0,,,,
2026-09-02T09:58:09+00:00,66,27.6,45.0,,,,
2026-09-02T09:58:30+00:00,67,27.6,44.0,,,,
2026-09-02T09:58:53+00:00,68,27.6,45.0,,,,
2026-09-02T09:59:14+00:00,69,27.6,45.0,,,,
2026-09-02T09:59:38+00:00,70,27.6,46.0,,,,
2026-09-02T09:59:59+00:00,71,27.6,46.0,,,,
2026-09-02T10:00:26+00:00,72,27.6,46.0,,,,
2026-09-02T10:00:47+00:00,73,27.7,45.0,,,,
2026-09-02T10:01:39+00:00,74,27.7,45.0,,,,
2026-09-02T10:02:00+00:00,75,27.7,45.0,,,,
2026-09-02T10:02:24+00:00,76,27.7,44.0,,,,
2026-09-02T10:02:51+00:00,77,27.6,45.0,,,,
2026-09-02T10:03:12+00:00,78,27.7,45.0,,,,
2026-09-02T10:03:39+00:00,79,27.6,45.0,,,,
2026-09-02T10:04:00+00:00,80,27.6,44.0,,,,
2026-09-02T10:04:21+00:00,81,27.5,44.0,,,,
2026-09-02T10:05:10+00:00,82,26.9,45.0,,,,
2026-09-02T10:05:31+00:00,83,26.7,45.0,,,,
2026-09-02T10:05:52+00:00,84,26.6,46.0,,,,
2026-09-02T10:06:14+00:00,85,26.5,46.0,,,,
2026-09-02T10:06:35+00:00,86,26.5,47.0,,,,
2026-09-02T10:06:56+00:00,87,26.6,47.0,,,,
2026-09-02T10:07:17+00:00,88,26.6,47.0,,,,
2026-09-02T10:07:41+00:00,89,26.8,47.0,,,,
2026-09-02T10:08:02+00:00,90,26.9,47.0,,,,
2026-09-02T10:08:57+00:00,91,27.1,46.0,,,,
2026-09-02T10:09:48+00:00,92,27.4,46.0,,,,
2026-09-02T10:10:11+00:00,93,27.5,45.0,,,,
2026-09-02T10:10:35+00:00,94,27.7,45.0,,,,
2026-09-02T10:10:57+00:00,95,27.8,45.0,,,,
2026-09-02T10:11:18+00:00,96,27.8,45.0,,,,
2026-09-02T10:11:44+00:00,97,27.8,45.0,,,,
2026-09-02T10:12:05+00:00,98,27.8,45.0,,,,
2026-09-02T10:12:26+00:00,99,27.8,45.0,,,,
2026-09-02T10:12:47+00:00,100,27.8,45.0,,,,
2026-09-02T10:13:14+00:00,101,27.8,45.0,,,,
2026-09-02T10:13:37+00:00,102,27.8,45.0,,,,
2026-09-02T10:14:01+00:00,103,27.8,45.0,,,,
2026-09-02T10:14:24+00:00,104,27.9,76.0,,,,
2026-09-02T10:14:46+00:00,105,27.9,76.0,,,,
2026-09-02T10:15:33+00:00,106,27.8,56.0,,,,
2026-09-02T10:15:54+00:00,107,27.7,49.0,,,,
2026-09-02T10:16:15+00:00,108,27.5,45.0,,,,
2026-09-02T10:16:36+00:00,109,27.4,45.0,,,,
2026-09-02T10:16:57+00:00,110,27.4,45.0,,,,
2026-09-02T10:17:48+00:00,111,27.4,45.0,,,,
2026-09-02T10:18:09+00:00,112,27.5,46.0,,,,
2026-09-02T10:18:30+00:00,113,27.5,46.0,,,,
2026-09-02T10:18:52+00:00,114,27.6,46.0,,,,
2026-09-02T10:19:14+00:00,115,27.6,45.0,,,,
2026-09-02T10:19:35+00:00,116,27.6,44.0,,,,
2026-09-02T10:19:56+00:00,117,27.5,44.0,,,,
2026-09-02T10:20:20+00:00,118,27.5,45.0,,,,
2026-09-02T10:20:48+00:00,119,27.4,45.0,,,,
2026-09-02T10:21:09+00:00,120,27.4,45.0,,,,
2026-09-02T10:21:30+00:00,121,27.5,45.0,,,,
2026-09-02T10:21:52+00:00,122,27.5,45.0,,,,
2026-09-02T10:22:13+00:00,123,27.6,45.0,,,,
2026-09-02T10:22:35+00:00,124,27.6,45.0,,,,
2026-09-02T10:22:56+00:00,125,27.6,44.0,,,,
2026-09-02T10:23:18+00:00,126,27.6,44.0,,,,
2026-09-02T10:23:39+00:00,127,27.6,44.0,,,,
2026-09-02T10:24:00+00:00,128,27.6,44.0,,,,
2026-09-02T10:24:22+00:00,129,27.7,44.0,,,,
2026-09-02T10:24:43+00:00,130,27.7,44.0,,,,
2026-09-02T10:25:04+00:00,131,27.7,44.0,,,,
2026-09-02T10:25:25+00:00,132,27.7,44.0,,,,
2026-09-02T10:25:47+00:00,133,27.6,44.0,,,,
2026-09-02T10:26:09+00:00,134,27.5,44.0,,,,
2026-09-02T10:26:30+00:00,135,27.3,44.0,,,,
2026-09-02T10:26:53+00:00,136,27.2,45.0,,,,
2026-09-02T10:27:14+00:00,137,27.2,45.0,,,,
2026-09-02T10:27:36+00:00,138,27.2,45.0,,,,
2026-09-02T10:27:58+00:00,139,27.2,45.0,,,,
2026-09-02T10:28:19+00:00,140,27.3,45.0,,,,
2026-09-02T10:28:40+00:00,141,27.4,45.0,,,,
2026-09-02T10:29:01+00:00,142,27.5,45.0,,,,
2026-09-02T10:29:23+00:00,143,27.5,45.0,,,,
2026-09-02T10:29:44+00:00,144,27.6,45.0,,,,
2026-09-02T10:30:06+00:00,145,27.6,44.0,,,,
2026-09-02T10:30:27+00:00,146,27.6,44.0,,,,
2026-09-02T10:30:48+00:00,147,27.6,44.0,,,,
2026-09-02T10:31:11+00:00,148,27.7,44.0,,,,
2026-09-02T10:31:32+00:00,149,27.7,44.0,,,,
2026-09-02T10:31:53+00:00,150,27.7,44.0,,,,
2026-09-02T10:32:15+00:00,151,27.7,43.0,,,,
2026-09-02T10:32:36+00:00,152,27.7,43.0,,,,
2026-09-02T10:32:57+00:00,153,27.7,44.0,,,,
2026-09-02T10:33:24+00:00,154,27.6,44.0,,,,
2026-09-02T10:33:46+00:00,155,27.6,44.0,,,,
2026-09-02T10:34:07+00:00,156,27.5,44.0,,,,
2026-09-02T10:34:28+00:00,157,27.3,44.0,,,,
2026-09-02T10:34:50+00:00,158,27.2,45.0,,,,
2026-09-02T10:35:11+00:00,159,27.1,45.0,,,,
2026-09-02T10:35:32+00:00,160,27.1,45.0,,,,
2026-09-02T10:35:53+00:00,161,27.2,45.0,,,,
2026-09-02T10:36:14+00:00,162,27.2,45.0,,,,
2026-09-02T10:36:37+00:00,163,27.1,45.0,,,,
2026-09-02T10:37:01+00:00,164,27.1,45.0,,,,
2026-09-02T10:37:22+00:00,165,27.1,45.0,,,,
2026-09-02T10:37:43+00:00,166,26.9,46.0,,,,
2026-09-02T10:38:04+00:00,167,26.8,46.0,,,,
2026-09-02T10:38:29+00:00,168,26.8,46.0,,,,
2026-09-02T10:38:50+00:00,169,26.8,46.0,,,,
2026-09-02T10:39:11+00:00,170,26.9,46.0,,,,
2026-09-02T10:39:32+00:00,171,27.1,46.0,,,,
2026-09-02T10:39:53+00:00,172,27.2,46.0,,,,
2026-09-02T10:40:14+00:00,173,27.3,46.0,,,,
2026-09-02T10:40:36+00:00,174,27.4,46.0,,,,
2026-09-02T10:40:59+00:00,175,27.4,45.0,,,,
2026-09-02T10:41:23+00:00,176,27.5,45.0,,,,
2026-09-02T10:41:44+00:00,177,27.5,44.0,,,,
2026-09-02T10:42:07+00:00,178,27.5,44.0,,,,
2026-09-02T10:42:27+00:00,179,27.6,44.0,,,,
2026-09-02T10:42:49+00:00,180,27.6,44.0,,,,
2026-09-02T10:43:11+00:00,181,27.7,44.0,,,,
2026-09-02T10:43:33+00:00,182,27.6,44.0,,,,
2026-09-02T10:43:54+00:00,183,27.6,44.0,,,,
2026-09-02T10:44:15+00:00,184,27.6,44.0,,,,
2026-09-02T10:44:37+00:00,185,27.5,44.0,,,,
2026-09-02T10:45:00+00:00,186,27.4,44.0,,,,
2026-09-02T10:45:23+00:00,187,27.3,44.0,,,,
2026-09-02T10:45:46+00:00,188,27.3,45.0,,,,
2026-09-02T10:46:12+00:00,189,27.2,45.0,,,,
2026-09-02T10:46:33+00:00,190,27.2,45.0,,,,
2026-09-02T10:46:54+00:00,191,27.2,45.0,,,,
2026-09-02T10:47:16+00:00,192,27.2,45.0,,,,
2026-09-02T10:47:37+00:00,193,27.2,45.0,,,,
2026-09-02T10:47:58+00:00,194,27.2,45.0,,,,
2026-09-02T10:48:20+00:00,195,27.2,45.0,,,,
2026-09-02T10:48:41+00:00,196,27.2,45.0,,,,
2026-09-02T10:49:02+00:00,197,27.2,45.0,,,,
2026-09-02T10:49:23+00:00,198,27.2,45.0,,,,
2026-09-02T10:49:44+00:00,199,27.2,45.0,,,,
2026-09-02T10:50:05+00:00,200,27.2,45.0,,,,
2026-09-02T10:50:54+00:00,201,27.2,45.0,,,,
2026-09-02T10:51:15+00:00,202,27.2,45.0,,,,
2026-09-02T10:51:36+00:00,203,27.2,45.0,,,,
2026-09-02T10:51:57+00:00,204,27.2,45.0,,,,
2026-09-02T10:52:18+00:00,205,27.2,45.0,,,,
2026-09-02T10:52:39+00:00,206,27.9,61.0,,,,
2026-09-02T10:53:00+00:00,207,27.9,61.0,,,,
2026-09-02T10:53:27+00:00,208,27.9,61.0,,,,
2026-09-02T10:53:48+00:00,209,27.8,54.0,,,,
2026-09-02T10:54:10+00:00,210,27.7,50.0,,,,
2026-09-02T10:54:31+00:00,211,27.7,44.0,,,,
2026-09-02T10:54:52+00:00,212,27.7,44.0,,,,
2026-09-02T10:55:13+00:00,213,27.8,44.0,,,,
2026-09-02T10:55:34+00:00,214,27.8,43.0,,,,
2026-09-02T10:55:55+00:00,215,27.8,43.0,,,,
2026-09-02T10:56:16+00:00,216,27.9,42.0,,,,
2026-09-02T10:57:05+00:00,217,27.9,42.0,,,,
2026-09-02T10:57:32+00:00,218,27.9,42.0,,,,
2026-09-02T10:57:53+00:00,219,27.9,42.0,,,,
2026-09-02T10:58:15+00:00,220,28.3,43.0,,,,
2026-09-02T10:58:36+00:00,221,28.3,43.0,,,,
2026-09-02T10:58:57+00:00,222,28.3,43.0,,,,
2026-09-02T10:59:20+00:00,223,28.4,42.0,,,,
2026-09-02T10:59:43+00:00,224,28.4,41.0,,,,
2026-09-02T11:00:05+00:00,225,28.4,41.0,,,,
2026-09-02T11:00:26+00:00,226,28.4,40.0,,,,
2026-09-02T11:00:47+00:00,227,28.3,40.0,,,,
2026-09-02T11:01:08+00:00,228,28.3,40.0,,,,
2026-09-02T11:01:30+00:00,229,28.3,40.0,,,,
2026-09-02T11:01:51+00:00,230,28.3,40.0,,,,
2026-09-02T11:02:13+00:00,231,28.3,41.0,,,,
2026-09-02T11:02:34+00:00,232,28.3,41.0,,,,
2026-09-02T11:02:56+00:00,233,28.3,41.0,,,,
2026-09-02T11:03:18+00:00,234,28.5,59.0,,,,
2026-09-02T11:04:08+00:00,235,29.0,58.0,,,,
2026-09-02T11:04:29+00:00,236,29.2,54.0,,,,
2026-09-02T11:04:51+00:00,237,29.4,42.0,,,,
2026-09-02T11:05:12+00:00,238,29.4,40.0,,,,
2026-09-02T11:05:33+00:00,239,29.3,39.0,,,,
2026-09-02T11:05:56+00:00,240,29.1,39.0,,,,
2026-09-02T11:06:18+00:00,241,29.1,39.0,,,,
2026-09-02T11:06:39+00:00,242,28.9,39.0,,,,
2026-09-02T11:07:02+00:00,243,28.9,39.0,,,,
2026-09-02T11:07:28+00:00,244,28.8,39.0,,,,
2026-09-02T11:07:49+00:00,245,28.8,40.0,,,,
2026-09-02T11:08:15+00:00,246,28.8,40.0,,,,
2026-09-02T11:08:38+00:00,247,28.8,40.0,,,,
2026-09-02T11:08:59+00:00,248,28.8,41.0,,,,
2026-09-02T11:09:51+00:00,249,28.8,41.0,,,,
2026-09-02T11:10:14+00:00,250,28.8,41.0,,,,
2026-09-02T11:10:36+00:00,251,28.7,44.0,,,,
2026-09-02T11:11:02+00:00,252,28.6,44.0,,,,
2026-09-02T11:11:31+00:00,253,28.5,45.0,,,,
2026-09-02T11:11:52+00:00,254,28.5,42.0,,,,
2026-09-02T11:12:14+00:00,255,28.5,42.0,,,,
2026-09-02T11:12:37+00:00,256,28.5,41.0,,,,
2026-09-02T11:13:01+00:00,257,28.5,41.0,,,,
2026-09-02T11:13:25+00:00,258,28.6,41.0,,,,
2026-09-02T11:13:46+00:00,259,28.6,41.0,,,,
2026-09-02T11:14:07+00:00,260,28.6,41.0,,,,
2026-09-02T11:14:30+00:00,261,28.6,40.0,,,,
2026-09-02T11:15:17+00:00,262,28.7,41.0,,,,
2026-09-02T11:15:40+00:00,263,28.7,41.0,,,,
2026-09-02T11:16:02+00:00,264,28.7,41.0,,,,
2026-09-02T11:16:25+00:00,265,28.7,40.0,,,,
2026-09-02T11:16:46+00:00,266,28.7,40.0,,,,
2026-09-02T11:17:10+00:00,267,28.7,40.0,,,,
2026-09-02T11:17:36+00:00,268,28.7,40.0,,,,
2026-09-02T11:18:00+00:00,269,28.6,40.0,,,,
2026-09-02T11:18:21+00:00,270,28.6,40.0,,,,
2026-09-02T11:18:42+00:00,271,28.6,41.0,,,,
2026-09-02T11:19:03+00:00,272,28.6,41.0,,,,
2026-09-02T11:19:23+00:00,273,28.6,41.0,,,,
2026-09-02T11:19:45+00:00,274,28.6,41.0,,,,
2026-09-02T11:20:06+00:00,275,28.6,41.0,,,,
2026-09-02T11:20:29+00:00,276,28.6,41.0,,,,
2026-09-02T11:21:44+00:00,277,28.5,40.0,,,,
2026-09-02T11:22:05+00:00,278,28.5,41.0,,,,
2026-09-02T11:22:26+00:00,279,28.4,41.0,,,,
2026-09-02T11:22:47+00:00,280,28.4,41.0,,,,
2026-09-02T11:23:10+00:00,281,28.4,41.0,,,,
2026-09-02T11:23:34+00:00,282,28.4,41.0,,,,
2026-09-02T11:23:54+00:00,283,28.5,42.0,,,,
2026-09-02T11:24:15+00:00,284,28.5,42.0,,,,
2026-09-02T11:24:39+00:00,285,28.6,42.0,,,,
2026-09-02T11:25:00+00:00,286,28.6,41.0,,,,
2026-09-02T11:25:23+00:00,287,28.6,41.0,,,,
2026-09-02T11:25:44+00:00,288,28.6,41.0,,,,
2026-09-02T11:26:05+00:00,289,28.7,41.0,,,,
2026-09-02T11:26:26+00:00,290,28.7,41.0,,,,
2026-09-02T11:26:50+00:00,291,28.7,40.0,,,,
2026-09-02T11:27:11+00:00,292,28.8,41.0,,,,
2026-09-02T11:27:32+00:00,293,28.8,41.0,,,,
2026-09-02T11:27:53+00:00,294,28.8,41.0,,,,
2026-09-02T11:28:14+00:00,295,28.8,41.0,,,,
2026-09-02T11:28:35+00:00,296,28.8,41.0,,,,
2026-09-02T11:28:58+00:00,297,28.9,41.0,,,,
2026-09-02T11:29:19+00:00,298,28.9,40.0,,,,
2026-09-04T07:12:23+00:00,299,25.9,38.0,,,,
2026-09-04T07:12:55+00:00,300,26.1,37.0,,,,
2026-09-04T07:13:24+00:00,301,26.5,35.0,,,,
2026-09-04T07:13:54+00:00,302,26.7,34.0,,,,
2026-09-04T07:14:23+00:00,303,26.6,34.0,,,,
2026-09-04T07:14:53+00:00,304,26.5,34.0,,,,
2026-09-04T07:15:51+00:00,305,26.4,34.0,,,,
2026-09-04T07:16:44+00:00,306,26.3,35.0,,,,
2026-09-04T07:17:16+00:00,307,26.3,35.0,,,,
2026-09-04T07:17:45+00:00,308,26.4,35.0,,,,
2026-09-04T07:18:15+00:00,309,26.4,34.0,,,,
2026-09-04T07:18:44+00:00,310,26.4,34.0,,,,
2026-09-04T07:19:14+00:00,311,26.3,34.0,,,,
2026-09-04T07:21:27+00:00,312,26.3,35.0,,,,
2026-09-04T07:21:56+00:00,313,26.2,34.0,,,,
2026-09-04T07:22:21+00:00,314,26.2,34.0,,,,
2026-09-04T07:22:46+00:00,315,26.2,34.0,,,,
2026-09-04T07:23:11+00:00,316,26.2,35.0,,,,
2026-09-04T07:23:37+00:00,317,26.2,35.0,,,,
2026-09-04T07:24:02+00:00,318,26.3,35.0,,,,
2026-09-04T07:26:04+00:00,319,26.4,35.0,,,,
2026-09-04T07:26:29+00:00,320,26.4,35.0,,,,
2026-09-04T07:26:56+00:00,321,26.4,35.0,,,,
2026-09-04T07:27:22+00:00,322,26.4,35.0,,,,
2026-09-04T07:27:49+00:00,323,26.4,35.0,,,,
2026-09-04T07:28:15+00:00,324,26.4,35.0,,,,
2026-09-04T07:28:41+00:00,325,26.4,35.0,,,,
2026-09-04T07:29:07+00:00,326,26.5,35.0,,,,
2026-09-04T07:29:33+00:00,327,26.4,35.0,,,,
2026-09-04T07:29:59+00:00,328,26.4,35.0,,,,
2026-09-04T07:30:26+00:00,329,26.4,35.0,,,,
2026-09-04T07:30:56+00:00,330,26.5,35.0,,,,
2026-09-04T07:31:23+00:00,331,26.5,35.0,,,,
2026-09-04T07:31:53+00:00,332,26.5,34.0,,,,
2026-09-04T07:32:20+00:00,333,26.5,34.0,,,,
2026-09-04T07:32:46+00:00,334,26.5,34.0,,,,
2026-09-04T07:33:12+00:00,335,26.4,34.0,,,,
2026-09-04T07:33:41+00:00,336,26.4,35.0,,,,
2026-09-04T07:34:12+00:00,337,26.3,35.0,,,,
2026-09-04T07:34:55+00:00,338,26.3,35.0,,,,
2026-09-04T07:35:51+00:00,339,26.3,34.0,,,,
2026-09-04T07:36:21+00:00,340,26.4,34.0,,,,
2026-09-04T07:36:49+00:00,341,26.4,34.0,,,,
2026-09-04T07:37:16+00:00,342,26.4,35.0,,,,
2026-09-04T07:37:42+00:00,343,26.5,35.0,,,,
2026-09-04T07:38:09+00:00,344,26.6,34.0,,,,
2026-09-04T07:38:35+00:00,345,26.6,34.0,,,,
2026-09-04T07:39:03+00:00,346,26.7,34.0,,,,
2026-09-04T07:39:34+00:00,347,26.8,34.0,,,,
2026-09-04T07:40:01+00:00,348,26.8,34.0,,,,
2026-09-04T07:40:27+00:00,349,26.8,33.0,,,,
2026-09-04T07:40:53+00:00,350,26.8,33.0,,,,
2026-09-04T07:41:19+00:00,351,26.8,33.0,,,,
2026-09-04T07:41:51+00:00,352,26.7,33.0,,,,
2026-09-04T07:42:17+00:00,353,26.6,33.0,,,,
2026-09-04T07:44:12+00:00,354,26.6,34.0,,,,
2026-09-04T07:45:13+00:00,355,26.6,35.0,,,,
2026-09-04T07:45:43+00:00,356,26.7,35.0,,,,
2026-09-04T07:46:16+00:00,357,26.7,35.0,,,,
2026-09-04T07:46:46+00:00,358,26.7,35.0,,,,
2026-09-04T07:47:17+00:00,359,26.7,35.0,,,,
2026-09-04T07:47:47+00:00,360,26.7,35.0,,,,
2026-09-04T07:48:16+00:00,361,26.7,34.0,,,,
2026-09-04T07:49:00+00:00,362,26.7,34.0,,,,
2026-09-04T07:50:35+00:00,363,26.6,33.0,,,,
2026-09-04T07:51:01+00:00,364,26.6,33.0,,,,
2026-09-04T07:51:26+00:00,365,26.6,33.0,,,,
2026-09-04T07:51:51+00:00,366,26.6,33.0,,,,
2026-09-04T07:52:17+00:00,367,26.7,33.0,,,,
2026-09-04T07:52:42+00:00,368,26.7,34.0,,,,
2026-09-04T07:53:09+00:00,369,26.8,34.0,,,,
2026-09-04T07:53:35+00:00,370,26.9,34.0,,,,
2026-09-04T07:54:00+00:00,371,27.0,34.0,,,,
2026-09-04T07:54:28+00:00,372,27.1,34.0,,,,
2026-09-04T07:54:53+00:00,373,27.2,35.0,,,,
2026-09-04T07:55:18+00:00,374,27.2,35.0,,,,
2026-09-04T07:55:43+00:00,375,27.3,35.0,,,,
2026-09-04T07:56:08+00:00,376,27.3,34.0,,,,
2026-09-04T07:56:32+00:00,377,27.4,34.0,,,,
2026-09-04T07:57:04+00:00,378,27.4,34.0,,,,
2026-09-04T07:57:38+00:00,379,27.4,35.0,,,,
2026-09-04T07:58:06+00:00,380,27.4,35.0,,,,
2026-09-04T07:58:31+00:00,381,27.5,35.0,,,,
2026-09-04T07:59:34+00:00,382,27.6,34.0,,,,
2026-09-04T08:00:06+00:00,383,27.6,33.0,,,,
2026-09-04T08:00:34+00:00,384,27.6,33.0,,,,
2026-09-04T08:01:03+00:00,385,27.5,33.0,,,,
2026-09-04T08:01:32+00:00,386,27.5,33.0,,,,
2026-09-04T08:02:01+00:00,387,27.5,34.0,,,,
2026-09-04T08:02:33+00:00,388,27.5,34.0,,,,
2026-09-04T08:03:06+00:00,389,27.5,33.0,,,,
2026-09-04T08:03:38+00:00,390,27.4,33.0,,,,
2026-09-04T08:04:11+00:00,391,27.3,33.0,,,,
2026-09-04T08:04:40+00:00,392,27.3,33.0,,,,
2026-09-04T08:05:10+00:00,393,27.3,33.0,,,,
2026-09-04T08:05:42+00:00,394,27.4,33.0,,,,
2026-09-04T08:06:11+00:00,395,27.5,33.0,,,,
2026-09-04T08:06:40+00:00,396,27.5,32.0,,,,
2026-09-04T08:07:12+00:00,397,27.4,32.0,,,,
2026-09-04T08:07:43+00:00,398,27.3,32.0,,,,
2026-09-04T08:08:18+00:00,399,27.3,32.0,,,,
2026-09-04T08:08:47+00:00,400,27.2,32.0,,,,
2026-09-04T08:09:16+00:00,401,27.2,32.0,,,,
2026-09-04T08:09:46+00:00,402,27.2,32.0,,,,
2026-09-04T08:10:17+00:00,403,27.1,31.0,,,,
2026-09-04T08:10:46+00:00,404,27.1,31.0,,,,
2026-09-04T08:11:18+00:00,405,27.1,31.0,,,,
2026-09-04T08:11:47+00:00,406,27.1,31.0,,,,
2026-09-04T08:12:18+00:00,407,27.1,31.0,,,,
2026-09-04T08:12:57+00:00,408,27.1,32.0,,,,
2026-09-04T08:13:25+00:00,409,27.1,32.0,,,,
2026-09-04T08:13:58+00:00,410,27.1,32.0,,,,
2026-09-04T08:14:29+00:00,411,27.2,31.0,,,,
2026-09-04T08:14:59+00:00,412,27.2,31.0,,,,
2026-09-04T08:15:30+00:00,413,27.3,31.0,,,,
2026-09-04T08:15:59+00:00,414,27.3,31.0,,,,
2026-09-04T08:16:28+00:00,415,27.3,31.0,,,,
2026-09-04T08:17:00+00:00,416,27.2,30.0,,,,
2026-09-04T08:17:30+00:00,417,27.2,30.0,,,,
2026-09-04T08:18:06+00:00,418,27.2,30.0,,,,
2026-09-04T08:18:43+00:00,419,27.2,30.0,,,,
2026-09-04T08:19:13+00:00,420,27.1,31.0,,,,
2026-09-04T08:19:45+00:00,421,27.1,31.0,,,,
2026-09-04T08:20:14+00:00,422,27.2,31.0,,,,
2026-09-04T08:20:45+00:00,423,27.2,31.0,,,,
2026-09-04T08:21:14+00:00,424,27.1,31.0,,,,
2026-09-04T08:21:43+00:00,425,27.1,31.0,,,,
2026-09-04T08:22:12+00:00,426,27.1,31.0,,,,
2026-09-04T08:22:56+00:00,427,27.1,31.0,,,,
2026-09-04T08:23:26+00:00,428,27.1,32.0,,,,
2026-09-04T08:24:00+00:00,429,27.2,31.0,,,,
2026-09-04T08:24:33+00:00,430,27.2,31.0,,,,
2026-09-04T08:25:03+00:00,431,27.3,31.0,,,,
2026-09-04T08:25:33+00:00,432,27.4,32.0,,,,
2026-09-04T08:26:03+00:00,433,27.4,32.0,,,,
2026-09-04T08:26:31+00:00,434,27.4,31.0,,,,
2026-09-04T08:27:00+00:00,435,27.4,31.0,,,,
2026-09-04T08:27:30+00:00,436,27.4,31.0,,,,
2026-09-04T08:27:59+00:00,437,27.3,31.0,,,,
2026-09-04T08:28:33+00:00,438,27.3,31.0,,,,
2026-09-04T08:29:04+00:00,439,27.3,31.0,,,,
2026-09-04T08:29:35+00:00,440,27.2,31.0,,,,
2026-09-04T08:30:07+00:00,441,27.3,30.0,,,,
2026-09-04T08:30:36+00:00,442,27.2,30.0,,,,
2026-09-04T08:31:06+00:00,443,27.2,30.0,,,,
2026-09-04T08:31:36+00:00,444,27.2,30.0,,,,
2026-09-04T08:32:05+00:00,445,27.2,31.0,,,,
2026-09-04T08:32:34+00:00,446,27.3,31.0,,,,
2026-09-04T08:33:02+00:00,447,27.3,31.0,,,,
2026-09-04T08:33:32+00:00,448,27.4,31.0,,,,
2026-09-04T08:34:00+00:00,449,27.4,31.0,,,,
2026-09-04T08:34:39+00:00,450,27.4,30.0,,,,
2026-09-04T08:35:09+00:00,451,27.4,30.0,,,,
2026-09-04T08:35:37+00:00,452,27.4,30.0,,,,
2026-09-04T08:36:08+00:00,453,27.4,30.0,,,,
2026-09-04T08:36:38+00:00,454,27.4,31.0,,,,
2026-09-04T08:37:06+00:00,455,27.5,31.0,,,,
2026-09-04T08:37:40+00:00,456,27.5,31.0,,,,
2026-09-04T08:38:09+00:00,457,27.5,30.0,,,,
2026-09-04T08:38:43+00:00,458,27.5,30.0,,,,
2026-09-04T08:39:19+00:00,459,27.4,30.0,,,,
2026-09-04T08:40:00+00:00,460,27.5,30.0,,,,
2026-09-04T08:40:41+00:00,461,27.5,30.0,,,,
2026-09-04T08:41:10+00:00,462,27.6,29.0,,,,
2026-09-04T08:41:51+00:00,463,27.6,29.0,,,,
2026-09-04T08:42:20+00:00,464,27.6,29.0,,,,
2026-09-04T08:43:07+00:00,465,27.6,30.0,,,,
2026-09-04T08:43:41+00:00,466,27.6,30.0,,,,
2026-09-04T08:44:33+00:00,467,27.6,30.0,,,,
2026-09-04T08:45:07+00:00,468,27.7,30.0,,,,
2026-09-04T08:45:39+00:00,469,27.7,30.0,,,,
2026-09-04T08:46:08+00:00,470,27.6,30.0,,,,
2026-09-04T08:46:39+00:00,471,27.6,30.0,,,,
2026-09-04T08:47:09+00:00,472,27.6,30.0,,,,
2026-09-04T09:02:47+00:00,473,27.6,30.0,,,,
2026-09-04T09:03:22+00:00,474,27.6,30.0,,,,
2026-09-04T09:03:51+00:00,475,27.6,30.0,,,,
2026-09-04T09:04:21+00:00,476,27.7,29.0,,,,
2026-09-04T09:04:51+00:00,477,27.7,28.0,,,,
2026-09-04T09:05:19+00:00,478,27.6,28.0,,,,
2026-09-04T09:05:53+00:00,479,27.6,29.0,,,,
2026-09-04T09:06:22+00:00,480,27.6,29.0,,,,
2026-09-04T09:06:51+00:00,481,27.6,29.0,,,,
2026-09-04T09:07:20+00:00,482,27.6,29.0,,,,
2026-09-04T09:07:49+00:00,483,27.6,29.0,,,,
2026-09-04T09:08:19+00:00,484,27.6,29.0,,,,
2026-09-04T09:08:50+00:00,485,27.6,29.0,,,,
2026-09-04T09:09:26+00:00,486,27.6,29.0,,,,
2026-09-04T09:09:59+00:00,487,27.6,29.0,,,,
2026-09-04T09:10:28+00:00,488,27.6,29.0,,,,
2026-09-04T09:10:57+00:00,489,27.6,28.0,,,,
2026-09-04T09:11:26+00:00,490,27.5,28.0,,,,
2026-09-04T09:11:55+00:00,491,27.6,28.0,,,,
2026-09-04T09:12:27+00:00,492,27.6,28.0,,,,
2026-09-04T09:13:03+00:00,493,27.6,28.0,,,,
2026-09-04T09:13:31+00:00,494,27.7,27.0,,,,
2026-09-04T09:14:00+00:00,495,27.7,26.0,,,,
